#Blocks,Test1
          1,0.00000078
          2,0.00000172
          4,0.00000298
          8,0.00000488
         16,0.00000806
         32,0.00001380
