#Blocks,Test1
          1,0.00000078
          2,0.00000172
          4,0.00000298
          8,0.00000488
         16,0.00000806
         32,0.00001380
         64,0.00002466
        128,0.00004576
        256,0.00008734
        512,0.00016988
       1024,0.00033434
       2048,0.00066264
       4096,0.00131862
       8192,0.00262996
      16384,0.00525202
      32768,0.01049552
      65536,0.02098190
     131072,0.04195404
     262144,0.08389770
     524288,0.13254888
    1048576,0.18120006